
<project name="IMU-Post-Process" default="post-process" basedir=".">

   <!-- This should be modified by the user if post-processing
        is necessary.  Post-processing may include kicking off
        an downstream process or any moving the output files to
        a certain destination directory. -->
   <target name="post-process"
           description="Custom processing after running exports">

      <!--
      ***********************************************************************************
       EXAMPLE ONE
       COPY THE OUTPUT FILE(S) TO SOME LOCATION 
      ***********************************************************************************
      -->
     
      <echo>Copying the output files in ${run.output.dir} to C:\unanet_imu\unanet_imu\Files...</echo>
      <copy failonerror="false" file="${run.output.dir}/~AI - CoA Mapping.csv" todir="C:\unanet_imu_AI\Export Files" />
	  <copy failonerror="false" file="${run.output.dir}/~AI - Expense Types.csv" todir="C:\unanet_imu_AI\Export Files" />

      <echo>Copy complete</echo>
      
      <!--
      ***********************************************************************************
       END EXAMPLE ONE
      ***********************************************************************************
      -->

   	
      <!--
      ***********************************************************************************
       EXAMPLE TWO
       RUNNING AN IMPORT IMU AFTER THE EXPORT IMU FINISHES
      ***********************************************************************************
      -->
      <!-- 
      First copy the output files from the export to some staging directory 
       	
      <echo>Copying the output files in ${run.output.dir} to c:/unanet_imu/intermediate_files...</echo>
      <copy failonerror="false" file="${run.output.dir}/project.csv" todir="c:/unanet_imu/intermediate_files" />
      <echo>Copy complete</echo>
      -->

      <!-- Now run the IMU import, which should be configured to look at the staging directory above for its files -->
      <!--
       <exec executable="cmd"
             dir="C:\host\unanet_imu"
             timeout="${post-processing.timeout}"
          output="${run.dir}/logs/post-process_output.log"
          error="${run.dir}/logs/post-process_error.log"
             outputproperty="imu.out"
             errorproperty="imu.err"
             resultproperty="post-processing.result">
          <arg value="/c"/>
          <arg value="unanet_imu.bat"/>
       </exec>
      <if><isset property="imu.out"/>
      <then>
         <echo>This is the output stream:</echo>
         <echo>${imu.out}</echo>
      </then>
      </if>
      <if><isset property="imu.err"/>
      <then>
         <echo>The post process had something in its error stream:</echo>
         <echo>${imu.err}</echo>
      </then>
      </if>
       <echo>Searching for Errors...</echo>
       <if><resourcecontains resource="${run.log.dir}/run.log" substring="Timeout: killed the sub-process" casesensitive="true"/>
         <then>
           <fail>The post-process timed out and was killed after ${post-processing.timeout} milliseconds</fail>
         </then>
       </if>
       <if><contains string="${imu.out}${imu.err}" substring="Cannot access your Unanet system." casesensitive="true"/>
         <then>
           <fail>Errors detected in post process!</fail>
         </then>
         <else>
           <echo>No errors detected.</echo>
         </else>
       </if>
       <echo>Post-processing return code: ${post-processing.result}</echo>
      -->
      <!--
      ***********************************************************************************
       END OF EXAMPLE TWO
      ***********************************************************************************
      -->
   </target>
 </project>