account,account_type
10 - Assets,A
10.01 - Cash,A
10.01.01 - Operating Bank Account,A
10.01.02 - Other Bank Account,A
10.01.03 - Payroll Bank Account,A
10.01.04 - Petty Cash,A
10.01.05 - Undeposited Funds,A
10.02 - Accounts Receivable,A
10.02.01 - Accounts Receivable,A
10.02.02 - Employee Advances,A
10.02.03 - Other Receivables,A
10.02.04 - Accounts Receivable Unapplied Payments,A
10.02.05 - Allow for Doubtful Accts,A
10.03 - Unbilled,A
10.03.01 - Unbilled,A
10.04 - Prepaid Expenses,A
10.04.01 - Prepaid Expenses,A
10.04.02 - Prepaid Rent,A
10.04.03 - Prepaid Insurance,A
10.04.04 - Prepaid Taxes,A
10.05 - Other Assets,A
10.05.01 - Deposits,A
10.06 - Net Fixed Assets,A
10.06.01 - Fixed Assets,A
10.06.02 - Computers,A
10.06.03 - Telephone System,A
10.06.04 - Software,A
10.06.05 - Automobiles,A
10.06.06 - Furniture & Equipment,A
10.06.07 - Leasehold Improvements,A
10.06.08 - Total Accumulated Depreciation,A
10.06.09 - Acc Dep - Computers,A
10.06.10 - Acc Dep -Telephone System,A
10.06.11 - Acc Dep - Software,A
10.06.12 - Acc Dep - Automobiles,A
10.06.13 - Acc Dep - Furn & Equip,A
10.06.14 - Fixed Asset Clearing Account,A
10.07 - Other Long Term Assets,A
10.07.01 - Investments,A
20 - Total Liabilities and Stockholders' Equity,L
20.01 - Total Liabilities,L
20.02 - Current Liabilities,L
20.03 - Accounts Payable,L
20.03.01 - Accounts Payable,L
20.03.02 - Credit Card Payable,L
20.03.04 - Accounts Payable - Unapplied Payments,L
20.03.05 - Expense Report Liability,L
20.04 - Other Accrued Liabilities,L
20.04.01 - Sales Tax Payable,L
20.04.02 - Accrued Expenses,L
20.04.03 - Deferred Revenue,L
20.04.04 - Other Liabilities,L
20.04.05 - Accrued Subcontractor Labor,L
20.05 - Accrued Payroll/Benefits,L
20.05.01 - Accrued Leave,L
20.05.02 - Accrued Bonus,L
20.05.03 - Accrued Wages,L
20.06 - Payroll Withholding,L
20.06.01 - Accrued Payroll Taxes,L
20.06.02 - 401k Withholding,L
20.06.03 - Medical and Dental W/H,L
20.07 - Long Term Liabilities,L
20.07.01 - Note Payable,L
20.08 - Other LT Liabilities,L
20.08.01 - Other LT Liabilities,L
30 - Stockholders' Equity,L
30.01 - Stockholders' Equity,L
30.01.01 - Current Year Net Income,L
30.01.02 - Retained Earnings,L
30.01.03 - Shareholder Distribution,L
30.01.04 - Additional Paid in Capital,L
30.01.05 - Common Stock,L
40 - Revenue,R
40.01 - Revenue,R
40.01.01 - Revenue - Government,R
40.01.02 - Revenue - Commercial,R
40.01.03 - Revenue - Non Proj Req,R
40.02 - Revenue - Adjustments,R
40.02.01 - Revenue - Funding Cap Adjustments,R
40.02.02 - Revenue - Fee Cap Adjustments,R
40.02.03 - Revenue - Write Offs,R
40.02.04 - Revenue - Accounts Receivable Discount,R
50 - Direct Costs,E
50.01 - Direct Labor - Client Site,E
50.01.01 - Direct Labor - Client Site,E
50.01.02 - Direct Labor Client Site - Unbillable,E
50.01.96 - Fringe Allocation to Direct Labor Client Site,E
50.01.97 - OH Allocation to Direct Labor Client Site,E
50.02 - Direct Labor - Company Site,E
50.02.01 - Direct Labor - Company Site,E
50.02.02 - Direct Labor Company Site - Unbillable,E
50.02.96 - Fringe Allocation to Direct Labor Company Site,E
50.02.97 - OH Allocation to Direct Labor Company Site,E
50.2 - Direct - Non-Labor,E
50.20 - Direct - Non-Labor,E
50.22 - Direct Travel,E
50.22.01 - Direct Travel - Airfare,E
50.22.02 - Direct Travel - Hotel,E
50.22.03 - Direct Travel - Meals,E
50.22.04 - Direct Travel - Auto,E
50.22.05 - Direct Travel - Other,E
50.22.06 - Unbillable Direct Travel,E
50.24 - Other Direct Costs,E
50.24.01 - Direct - Other Costs,E
50.24.02 - Unbillable Other Costs,E
50.26 - Direct Subcontractors,E
50.26.01 - Subcontractor Labor,E
50.26.02 - Subcontractor Non Labor,E
50.26.03 - Unbillable Subcontract Costs,E
50.26.04 - Subcontractor ODCs,E
50.28 - Direct Consultants,E
50.28.01 - Direct Consultants Labor,E
50.28.02 - Direct Consult Non Labor,E
50.28.03 - Unbillable Consultant Costs,E
50.28.04 - Consultant ODCs,E
50.30 - Direct Materials,E
50.30.01 - Direct Materials,E
50.30.94 - M&H Allocation to Direct Materials,E
50.32 - Unallowable,E
50.32.01 - Unallowable Direct Charges,E
50.60.98 - G&A Allocation to Direct Costs,E
60 - Fringe Expenses,E
60.01 - Fringe Labor,E
60.01.01 - Paid Time Off,E
60.01.02 - Severance Pay,E
60.02 - Fringe Non Labor,E
60.02.01 - Employer Taxes,E
60.02.02 - Employer Insurance Expense (Medical_Dental_AD&D),E
60.02.03 - Employer 401K Contribution,E
60.02.04 - Benefits Administration,E
60.02.05 - Tuition Reimbursement,E
60.02.06 - Non Executive Bonuses,E
60.02.07 - Misc. Fringe,E
60.02.99 - CONTRA Fringe Allocation,E
62 - Facility Expense,E
62.01 - Facility Expense,E
62.01.01 - Facilities Rent Expense,E
62.01.02 - Repairs and Maint,E
62.01.03 - Office Cleaning/Supplies,E
62.01.04 - Document Shredding,E
62.01.05 - Telephone,E
62.01.06 - Utilities,E
62.01.07 - Office Furnishings,E
62.01.08 - Supplies,E
62.01.09 - Office Supplies,E
62.01.10 - Property Taxes,E
62.01.99 - CONTRA Facility Allocation,E
70 - Overhead Expenses - Company Site,E
70.01 - Overhead Labor - Company Site,E
70.01.01 - Overhead Labor - Company Site,E
70.01.02 - Overhead Bonus - Company Site,E
70.02 - Overhead Travel - Company Site,E
70.02.01 - Overhead Travel - Airfare,E
70.02.02 - Overhead Travel - Hotel,E
70.02.03 - Overhead Travel - Meals,E
70.02.04 - Overhead Travel - Auto,E
70.02.05 - Overhead Travel - Misc,E
70.03 - Overhead Other Expense - Company Site,E
70.03.01 - Overhead Other Expense -  Company Site,E
70.03.96 - Facility Allocation to Overhead Company Site,E
70.03.98 - Fringe Allocation to Overhead Company Site,E
70.03.99 - CONTRA Overhead Allocation Company Site,E
72 - Overhead Expenses - Client Site,E
72.01 - Overhead Labor - Client Site,E
72.01.01 - Overhead Labor - Client Site,E
72.01.02 - Overhead Bonus - Client Site,E
72.02 - Overhead Travel - Client Site,E
72.02.01 - Overhead Travel - Airfare,E
72.02.02 - Overhead Travel - Hotel,E
72.02.03 - Overhead Travel - Meals,E
72.02.04 - Overhead Travel - Auto,E
72.02.05 - Overhead Travel - Misc,E
72.03 - Overhead Other Expense - Client Site,E
72.03.01 - Overhead Other Expense - Client Site,E
72.03.96 - Facility Allocation to Overhead Client Site,E
72.03.98 - Fringe Allocation to Overhead Client Site,E
72.03.99 - CONTRA Overhead Allocation Client Site,E
78 - Material Handling,E
78.01 - Material Handling,E
78.01.01 - Material Handling,E
78.01.99 - CONTRA M&H Alloc,E
80 - General and Administrative,E
80.01 - G&A Labor,E
80.01.01 - G&A Labor,E
80.01.02 - G&A Bonus,E
80.02 - G&A Travel,E
80.02.01 - G&A Travel - Airfare,E
80.02.02 - G&A Travel - Hotel,E
80.02.03 - G&A Travel - Meals,E
80.02.04 - G&A Travel - Auto,E
80.02.05 - G&A Travel - Misc,E
80.03 - G&A Other Expense,E
80.03.01 - Bank Service Charge,E
80.03.02 - Depreciation Exp,E
80.03.03 - Dues & Subscriptions,E
80.03.04 - Licenses & Permits,E
80.03.05 - Miscellaneous Expense,E
80.03.06 - Relocation Expenses,E
80.03.07 - Postage & Delivery,E
80.03.08 - Printing & Reproduction,E
80.03.09 - Mobile Phones,E
80.03.10 - Professional fees,E
80.03.11 - Software Expense,E
80.03.12 - Harw & Softw Expense,E
80.03.13 - Temporary Help,E
80.03.14 - G&A Other Expense,E
80.03.15 - Business Insurance Expense,E
80.03.96 - Facility Allocation to G&A,E
80.03.97 - Overhead Allocation to G&A,E
80.03.98 - Fringe Allocation to G&A,E
80.03.99 - CONTRA G&A Allocation,E
82 - B&P Costs,E
82.01 - B&P Labor,E
82.01.01 - B&P Labor,E
82.02 - B&P Non_Labor,E
82.02.01 - B&P Travel - Airfare,E
82.02.02 - B&P Travel - Hotel,E
82.02.03 - B&P Travel - Meals,E
82.02.04 - B&P Travel - Auto,E
82.02.05 - B&P Travel - Misc,E
82.02.06 - B&P - Other Costs,E
82.02.97 - Overhead Allocation to B&P,E
82.02.98 - Fringe Allocation to B&P,E
82.02.99 - CONTRA B&P Allocation,E
84 - IR&D Costs,E
84.01 - IR&D Labor,E
84.01.01 - IR&D Labor,E
84.02 - IR&D Non_Labor,E
84.02.01 - IR&D Travel - Airfare,E
84.02.02 - IR&D Travel - Hotel,E
84.02.03 - IR&D Travel - Meals,E
84.02.04 - IR&D Travel - Auto,E
84.02.05 - IR&D Travel - Misc,E
84.02.06 - IR&D - Other Costs,E
84.02.97 - Overhead Allocation to IR&D,E
84.02.98 - Fringe Allocation to IR&D,E
84.02.99 - CONTRA IR&D Allocation,E
90 - Unallowable Expense,E
90.01 - Unallowable Labor,E
90.01.01 - Unallowable Labor,E
90.02 - Unallowable Travel,E
90.02.01 - Unallow Travel - Lodging,E
90.02.02 - Unallow Travel - Meals,E
90.02.03 - Unallow Travel - Other,E
90.03 - Unallowable Other,E
90.03.01 - Contributions,E
90.03.02 - Bad Debt Expense,E
90.03.03 - Penalties,E
90.03.04 - Unallow Safe Harbor Exp,E
90.03.05 - Unallow Legal Fees,E
90.03.06 - Unallow Advertising,E
90.03.07 - Unallow Dues & Membership,E
90.03.08 - Unallowable Entertainment,E
90.03.09 - Unallow Bonus Exp,E
90.03.10 - Misc Unallowables,E
90.03.11 - Unallow Accounts Payable Discounts,E
95.01 - Non Operating Expense,E
95.01.01 - Other Interest Expense,E
95.01.02 - Other Interest Income,E
95.01.03 - Other Income,E
95.01.04 - Other Expense,E
95.02.01 - Federal Income Tax,E
95.02.02 - State Income Tax,E
95.02.03 - Local Income Tax,E
GM - Gross Margin,R
GP - Gross Profit from Operations,R
IE - Total Indirects,E
N_A - Not Used for Cost Pools,R
NI - Net Income,R
NIBT - Net Income Before Taxes,R
NO - Non Operating Expense,E
OI - Other Income and (Expense),R
TX - Corprate Income Tax Expense,E
